imu_ax, imu_ay, kf_ax, kf_ay, kf_vx, kf_w, kf_x, kf_y, odom_x, odom_y, stamp, 
-0.010753452777862549, -0.0019044280052185059, -0.005621178323827268, -0.0, -0.00024323575611541614, 0.0, 2.4323575611541617e-05, 0.0, 6.2733597587794065e-06, -7.279120382008841e-06, 1731687143809817447, 
-0.001630246639251709, -0.02155858278274536, -0.0040720626787828, -7.670781155663589e-10, -0.0003807808163954757, 2.0144872917381377e-06, 3.807808163954757e-05, -3.7404224396246014e-12, 6.2733597587794065e-06, -7.279120382008841e-06, 1731687143839824520, 
-0.005136072635650635, -0.00897073745727539, -0.004393219344934161, -1.3831328660798822e-09, -0.0005595987368333193, 2.4716511583046312e-06, 5.595806653993524e-05, -1.255925577875552e-11, 6.2733597587794065e-06, -7.279120382008841e-06, 1731687143869739343, 
0.016510009765625, -0.005322456359863281, 0.0018342296416873575, -1.4986325936123098e-10, -5.713205399974315e-05, 2.623102949561462e-06, 5.710082730915233e-06, -1.6796964000841774e-11, 6.2733597587794065e-06, -7.279120382008841e-06, 1731687143899729863, 
0.017610609531402588, 0.008753955364227295, 0.006604060267908334, 0.00010285226675822548, 0.0035775185480438863, 0.028749611043795423, 0.0006750553351518528, -3.2321303956847526e-07, 0.00034671847242861986, -0.00022690783953294158, 1731687143929675235, 
0.29478275775909424, 0.106143057346344, 0.08619806882523362, 0.002646304496117939, 0.015090295421251811, 0.17536465802989665, 0.0006793365206853607, 1.461379183041278e-05, 0.0005730194388888776, 0.00013462103379424661, 1731687143993094461, 
-1.118415355682373, 0.5398600101470947, -0.2384826878912122, 0.004524238875165121, 0.011132171219509282, 0.4064111830436393, 0.011956587109514586, 0.0001764528676016174, 0.0012442667502909899, 0.00048739870544523, 1731687144072898057, 
-0.013337373733520508, -0.08819907903671265, -0.17771150283222856, -0.003394862827012187, -0.0054966474310282724, 0.6176242645377568, 0.012464072329414991, 0.0004601443280298254, 0.0024337621871382, 0.0008797564078122377, 1731687144201128808, 
0.14851921796798706, -0.1547917127609253, -0.09102590256567403, -0.016704917228955687, -0.022304461793882197, 0.7489495771441395, 0.008647709386584962, 0.0002561730350311205, 0.004013966303318739, 0.0008276743465103209, 1731687144289207906, 
-0.1440141797065735, -0.006322383880615234, -0.10273544664438639, -0.00875937884097691, -0.01063113919248648, 0.8239360507261132, 0.012138467282745547, 0.000391778305559013, 0.012531631626188755, 0.0029753365088254213, 1731687144409324381, 
-0.040377020835876465, 0.037596285343170166, -0.08303177707455756, 0.0064472719096361816, 0.007211622248922137, 0.8940113177170093, 0.01696121971744078, 0.0014066403472998443, 0.017377037554979324, 0.004916890989989042, 1731687144498915363, 
0.1790713667869568, 0.03329741954803467, -0.010803059315452779, 0.022657931559580236, 0.02434700707346679, 0.9306249220370377, 0.020409305659305682, 0.0031238240953484677, 0.020131871104240417, 0.006423847284168005, 1731687144588776450, 
0.42145341634750366, 0.034459590911865234, 0.10601073851511063, 0.04359680818632464, 0.045636549255151426, 0.955304660362844, 0.022752801589286772, 0.005537736541882221, 0.02854675054550171, 0.012451822869479656, 1731687144708642100, 
0.26121729612350464, 0.12780660390853882, 0.1496834681467063, 0.0766460862133051, 0.0784795598147974, 0.9766375651721405, 0.028714052404706477, 0.010334611358991871, 0.0327216275036335, 0.01648714207112789, 1731687144797465928, 
0.34976792335510254, 0.5288499593734741, 0.21345949962328337, 0.19130164144912248, 0.1824451832529213, 1.0485431187510366, 0.046142037646869326, 0.025367862036410074, 0.04336053133010864, 0.0285981185734272, 1731687144889185018, 
-0.411457896232605, -0.15319472551345825, 0.03631851619611165, 0.12026426828078864, 0.10423990951158116, 1.1537257547928623, 0.0471516163814387, 0.030200716514947372, 0.047424737364053726, 0.03446859493851662, 1731687145008147702, 
0.3274097442626953, 0.16835755109786987, 0.11505906824968003, 0.13592429440357887, 0.12428868127299798, 1.0936176408938112, 0.05275217559315358, 0.04040345709713153, 0.056278448551893234, 0.05023002251982689, 1731687145098084424, 
0.8489794731140137, 0.820644199848175, 0.32643386978819744, 0.3045054247029104, 0.2759682532261897, 1.1034074432225762, 0.06696573219468759, 0.06836374836736916, 0.06048355624079704, 0.06203058362007141, 1731687145188023175, 
0.21764320135116577, 0.296858549118042, 0.292978008097491, 0.3215811368162597, 0.2698952803986194, 1.1915033724980422, 0.07123633708991754, 0.089414841341708, 0.0644468143582344, 0.07904648780822754, 1731687145307872341, 
-0.2709828019142151, 0.15526539087295532, 0.13501658874401692, 0.2814620995394277, 0.22545032450299737, 1.2484439761171675, 0.07254147044312777, 0.10719770837270123, 0.06577400863170624, 0.08876226097345352, 1731687145401130528, 
0.21135693788528442, 0.27952176332473755, 0.15335328940152212, 0.2680806341426371, 0.2271244785234857, 1.1803247095399114, 0.0736164199915381, 0.12819181641591063, 0.06654959917068481, 0.10658873617649078, 1731687145487721957, 
0.20407456159591675, 0.3206232786178589, 0.1661709973661491, 0.26787512822236154, 0.2403441170893541, 1.114548304599326, 0.0727526564104531, 0.15111883095834988, 0.06512197852134705, 0.12144115567207336, 1731687145577671271, 
0.09283089637756348, 0.5658515095710754, 0.1517219587905685, 0.32403547551089334, 0.2948262385793043, 1.099072718467465, 0.06874196925397011, 0.18120662126171241, 0.06023091822862625, 0.14481928944587708, 1731687145697768202, 
0.7141766548156738, -0.1855655312538147, 0.2861598006653281, 0.21588907789342082, 0.20563082139334765, 1.0498867651773385, 0.062321685683565435, 0.1913457215718249, 0.057573165744543076, 0.15322373807430267, 1731687145787655575, 
0.5063257217407227, 0.3581315279006958, 0.3464090028708051, 0.2633153484447611, 0.2515952970010304, 1.0465829512054938, 0.05383145563399921, 0.2119195484246856, 0.047466397285461426, 0.1770845353603363, 1731687145907638613, 
0.18723946809768677, 0.017330467700958252, 0.29532439634105845, 0.22006237139138202, 0.21612963371897004, 1.0181961982942407, 0.04583620717717535, 0.22496854422019938, 0.040943168103694916, 0.1888977587223053, 1731687145997713020, 
-0.20781856775283813, 0.225491464138031, 0.1598860696948427, 0.2271170236748574, 0.2236367982558613, 1.0155619533374574, 0.03491868308198173, 0.24240049451622528, 0.0242832750082016, 0.2127973884344101, 1731687146089198434, 
-0.2086958885192871, 0.41965043544769287, 0.06520365524747186, 0.26844298129697625, 0.25820309482555437, 1.0396582638885103, 0.01840450835936431, 0.26358712207091173, 0.017661992460489273, 0.22054466605186462, 1731687146206648285, 
0.12108868360519409, 0.6355017423629761, 0.08773532051328625, 0.3401328966692963, 0.32609714638781323, 1.0430416225255494, -0.006031530293690941, 0.28944087297042514, -0.005267128348350525, 0.24263259768486023, 1731687146297210719, 
-0.14113599061965942, 0.3703823685646057, 0.02527530291181506, 0.32875455037794926, 0.3184569329755739, 1.0323359812146566, -0.03035841462046899, 0.3090027025629689, -0.025929247960448265, 0.2579664885997772, 1731687146386331371, 
0.2966303825378418, 0.107913076877594, 0.09086694770313214, 0.27696720320421797, 0.27509878772716095, 1.006791798293601, -0.05075576790649388, 0.32031209536889776, -0.046947550028562546, 0.27048003673553467, 1731687146506261421, 
0.5554255247116089, 0.22463852167129517, 0.21266352933218033, 0.27859772342216427, 0.2792774509548436, 0.9975661209655297, -0.07305940775033005, 0.33038226965224066, -0.0578794926404953, 0.27601292729377747, 1731687146596162905, 
-0.09691578149795532, 0.6434805393218994, 0.1371058217582299, 0.35398931710593234, 0.347561880762521, 1.0184929265813332, -0.1070099172674122, 0.3452015630032799, -0.08000019937753677, 0.28529417514801025, 1731687146685940312, 
0.12336838245391846, 0.055006563663482666, 0.12447829428302642, 0.29036835720903015, 0.2907018476065547, 0.9988528095013145, -0.1299777294505279, 0.3497743054114073, -0.10651198029518127, 0.2931424081325531, 1731687146809132292, 
0.04987382888793945, 0.20820140838623047, 0.10203801601297671, 0.280440928719377, 0.2812471585816343, 0.9971333759732073, -0.15552195660533014, 0.35360646095066534, -0.15088172256946564, 0.30040526390075684, 1731687146895717067, 
-0.12197184562683105, 0.5998705625534058, 0.04952330031464463, 0.3446467358477893, 0.3430664382484221, 1.0046063893846209, -0.19316726185693067, 0.35806602362106266, -0.16510310769081116, 0.301198273897171, 1731687146985564485, 
-0.05886334180831909, 0.4590497612953186, 0.022114242215930627, 0.36257488863217974, 0.3567952333628906, 1.0161988018024073, -0.22931765721187491, 0.35704705251626623, -0.20775531232357025, 0.2999362647533417, 1731687147105395919, 
0.45438867807388306, 0.43365782499313354, 0.13810507977965525, 0.3792794341036128, 0.37532786529558004, 1.0105283118398918, -0.2651316724594055, 0.35165204015076007, -0.24266856908798218, 0.2940506041049957, 1731687147195276304, 
0.5242022275924683, 0.16074120998382568, 0.23476091925355047, 0.3428060781642135, 0.3497170829755767, 0.9802382979048071, -0.29336471671007336, 0.34343678940858263, -0.2745984196662903, 0.28527405858039856, 1731687147287267394, 
0.13997066020965576, 0.43910640478134155, 0.21052052695996318, 0.3680389862175877, 0.3796881960608642, 0.9693190097450142, -0.328409547211239, 0.33220479745084874, -0.3051188588142395, 0.2740635573863983, 1731687147405047257, 
0.3621542453765869, 0.4424143433570862, 0.2507351057657661, 0.3895875788627447, 0.4027107322297133, 0.9674129534757893, -0.36244309807198904, 0.31641023932562, -0.3181944489479065, 0.2683134973049164, 1731687147497164650, 
0.5371785759925842, -0.24110859632492065, 0.31089160154809137, 0.27667465531522295, 0.3087278953430881, 0.8961764048167902, -0.3785294145133609, 0.3045743466722114, -0.35328444838523865, 0.24969281256198883, 1731687147584741832, 
-0.5088639855384827, 0.18840914964675903, 0.0902873783316622, 0.2681817382692501, 0.3050179853916042, 0.8792325407465366, -0.40393215079576944, 0.28895683753294155, -0.3802913725376129, 0.2319687008857727, 1731687147674629904, 
0.47300010919570923, 0.32828402519226074, 0.19412592480668334, 0.29711608787128535, 0.33751317528402536, 0.880309598643831, -0.4287324889185704, 0.2680570751475114, -0.4075183868408203, 0.21085649728775024, 1731687147793460131, 
-0.07499021291732788, 0.10874402523040771, 0.11789397868130153, 0.27046244682501497, 0.3154258350936243, 0.8574517897201941, -0.4490397011176442, 0.24819438431415794, -0.4421354830265045, 0.17722204327583313, 1731687147884335083, 
-0.4191105365753174, -0.15782785415649414, -0.03396162664727767, 0.20079475766648694, 0.24603635869080936, 0.8161182303905865, -0.4628012271198025, 0.23239522816400307, -0.46637260913848877, 0.1479920744895935, 1731687147977237792, 
0.016206204891204834, 0.4620068669319153, -0.012501791177357745, 0.2534693827870601, 0.30951368108149596, 0.8189278803489167, -0.48575979640575895, 0.20413635125421417, -0.48648303747177124, 0.11919552087783813, 1731687148094084175, 
-0.7240741848945618, 0.7455326914787292, -0.19112632994003126, 0.3224052824914884, 0.3811362543225425, 0.8459055753290998, -0.5137227824850794, 0.16488619094222207, -0.5038055777549744, 0.08980745077133179, 1731687148185659346, 
-0.4488071799278259, 0.17039304971694946, -0.262592775000093, 0.27341345891736507, 0.3344422344171162, 0.8175207278885834, -0.5300760616930088, 0.13382842430005915, -0.5185689330101013, 0.059867013245821, 1731687148283823628, 
-0.2392544150352478, -0.08619952201843262, -0.26174353664684435, 0.20493790912594056, 0.2667163488553997, 0.7683740048385549, -0.540239013965941, 0.10934617835275165, -0.5328566431999207, 0.02368566207587719, 1731687148376719169, 
-0.1148216724395752, 0.1709918975830078, -0.21967634951296033, 0.2001736412780473, 0.2688531022459303, 0.7445465185480388, -0.5512191151501952, 0.07976962562859237, -0.5436368584632874, -0.010077754966914654, 1731687148505737236, 
0.1820368766784668, 0.9398669004440308, -0.0952662580633162, 0.30635787302161815, 0.3982313924690232, 0.7692961399205827, -0.5668311210361571, 0.0295028177325514, -0.5479314923286438, -0.02736225724220276, 1731687148593405378, 
0.4296950697898865, 0.10498809814453125, 0.04043716002581765, 0.26925787560225867, 0.36702596695591794, 0.7336207784845865, -0.5714892407420147, -0.0030889623405526293, -0.5573596358299255, -0.07635212689638138, 1731687148683558412, 
-0.03993988037109375, 0.6292679905891418, 0.025613481986871692, 0.31797512941125283, 0.423438025330417, 0.7509366433567949, -0.5775236753000565, -0.04975603118126918, -0.5612107515335083, -0.11582286655902863, 1731687148803174463, 
0.7248600125312805, 0.055150508880615234, 0.2057870862233979, 0.27708565294597054, 0.39196548720553065, 0.7069133941394136, -0.5768510908893847, -0.08167050569173122, -0.5622096061706543, -0.15152177214622498, 1731687148893282801, 
0.046982526779174805, -0.4007337689399719, 0.14996140283726278, 0.19161625765557871, 0.2991422971444275, 0.6405522036994499, -0.5750867703993713, -0.10096322788573975, -0.5617877244949341, -0.16952180862426758, 1731687148986626143, 
0.12232685089111328, 0.036852359771728516, 0.14101367535948642, 0.19053906063652826, 0.30054935357895307, 0.633969291125008, -0.5722941276897722, -0.1283676473730734, -0.5563371777534485, -0.22767309844493866, 1731687149102839057, 
-0.23860526084899902, 0.38881123065948486, 0.044081676701764896, 0.22166962736612816, 0.3412825390709577, 0.6495193922594433, -0.5675479530223564, -0.16585159755123272, -0.5504406690597534, -0.2601356506347656, 1731687149193243553, 
0.4605087637901306, -0.14278173446655273, 0.14987028858954676, 0.19332013984888596, 0.31214669320642374, 0.6193246446504646, -0.5608421619876837, -0.18987275549321433, -0.5418831706047058, -0.2965889871120453, 1731687149281516248, 
0.09779524803161621, 0.3614094853401184, 0.13953480942509006, 0.22509157526879398, 0.35558598344593156, 0.6330158829306616, -0.5509708188583856, -0.2257351173214383, -0.5368293523788452, -0.31416839361190796, 1731687149402383470, 
0.08409196138381958, 0.11605644226074219, 0.12303915334603971, 0.21954228370608644, 0.354137990414806, 0.6199342901588558, -0.5397324954046605, -0.256775831855843, -0.518783688545227, -0.36474382877349854, 1731687149491443539, 
-0.3420528769493103, 0.08026677370071411, -0.0032824198730414256, 0.20325544318009217, 0.33651341537918533, 0.6040039828755793, -0.5272944872557341, -0.2872697270403992, -0.5030913949012756, -0.40011826157569885, 1731687149582077230, 
-0.37074339389801025, -0.0663442611694336, -0.10452957675101317, 0.17603373307947484, 0.3003871477214905, 0.586022852224982, -0.5144497300247429, -0.3135354551880258, -0.48561567068099976, -0.4333515763282776, 1731687149705713651, 
0.5680047273635864, 0.16640377044677734, 0.07721568236873651, 0.19273323059094502, 0.3260937780474553, 0.5910362097215397, -0.4975996972502572, -0.34128434907353816, -0.47632578015327454, -0.44942840933799744, 1731687149791883516, 
-0.018031597137451172, 0.2207016944885254, 0.05335506330012073, 0.20490732194204728, 0.3447003244739439, 0.5944506209988681, -0.4783831785156701, -0.371261136752863, -0.44713518023490906, -0.49332818388938904, 1731687149881742475, 
0.5285651087760925, 0.14767873287200928, 0.1801375738579602, 0.20727295490276254, 0.36249185030834324, 0.5718003169628553, -0.457956330915257, -0.398246509446291, -0.42180225253105164, -0.5264957547187805, 1731687150001578503, 
-0.20451319217681885, 0.003275454044342041, 0.0741705529737774, 0.18640390937936344, 0.3433565908751562, 0.5428872324956755, -0.4380537579654322, -0.42308757314722273, -0.4097726345062256, -0.5410054922103882, 1731687150091597397, 
0.35941213369369507, 0.06169646978378296, 0.14923547050352615, 0.18775572012579272, 0.34896785687166043, 0.5380315591497112, -0.41603009018618525, -0.44598642124950943, -0.3845002055168152, -0.5689787864685059, 1731687150211269379, 
-0.03653770685195923, -0.0735517144203186, 0.09631516895117011, 0.17292286433301166, 0.3308526790086689, 0.5226581959412842, -0.39483016313793745, -0.4664762437644701, -0.340358704328537, -0.610683798789978, 1731687150301379046, 
0.23623013496398926, 0.5097259879112244, 0.1390720856321973, 0.21266284850204192, 0.3902152225021794, 0.5449886017731002, -0.3632339344780504, -0.49480511248205666, -0.3138393461704254, -0.6325068473815918, 1731687150393263857, 
0.14562737941741943, 0.12304472923278809, 0.13898643980998393, 0.20744698078414017, 0.38871970527793953, 0.5336672619563059, -0.3349509206647296, -0.5167192556977975, -0.283256471157074, -0.6550998687744141, 1731687150510905131, 
0.552639901638031, -0.004012763500213623, 0.24554990874901797, 0.19458081234883245, 0.38041474153975624, 0.5114965092079569, -0.30901823941348494, -0.5336620535860358, -0.26773351430892944, -0.6658065319061279, 1731687150601553281, 
0.16250818967819214, 0.1911190152168274, 0.22282008334476705, 0.20127995134391677, 0.39816853459681606, 0.5055144589658047, -0.27753409411136243, -0.5537265067778734, -0.2153177410364151, -0.6977244019508362, 1731687150690642524, 
-0.30408912897109985, 0.14409303665161133, 0.08011872138504425, 0.1953501616655265, 0.38922428947259574, 0.5018961224907845, -0.2452426601220073, -0.5724575579102101, -0.19841183722019196, -0.7066944241523743, 1731687150780546871, 
0.526674747467041, -0.31465327739715576, 0.19184892043639956, 0.15900652894915515, 0.34480804882157157, 0.46114506170195735, -0.22298826961304832, -0.5820461567106096, -0.15000487864017487, -0.7297090291976929, 1731687150900415446, 
-0.3499590754508972, 0.5228063464164734, 0.05205877615593049, 0.20007149123134144, 0.39060066242300734, 0.5122149306922341, -0.18297609058127673, -0.6005599473583172, -0.13204984366893768, -0.7371156811714172, 1731687150990256335, 
0.017350435256958008, -0.12857979536056519, 0.03733116803329883, 0.16485276709822286, 0.3483559703702274, 0.473230778628596, -0.1554897070431552, -0.6108524851640825, -0.09999632090330124, -0.7490337491035461, 1731687151081516972, 
-0.3668016791343689, 0.14084988832473755, -0.06998485638160154, 0.16283288528015466, 0.34688568307011514, 0.46941368072328793, -0.12048041806936642, -0.6234782646914127, -0.04100702702999115, -0.767122209072113, 1731687151199990136, 
0.2010616660118103, 0.38906991481781006, 0.006809640576145193, 0.1865293267661324, 0.3853514121963559, 0.48404993692117665, -0.07971682987324093, -0.6352262287397608, -0.0035410267300903797, -0.7763580679893494, 1731687151289893301, 
-0.028765320777893066, -0.035024166107177734, -0.005527941377385187, 0.16476275398746254, 0.3610733686224732, 0.4563137808142622, -0.04695799109505929, -0.642915581831629, 0.01537046767771244, -0.7801251411437988, 1731687151409662880, 
-0.16305947303771973, 1.0344284772872925, -0.03569497445571822, 0.2429432970952198, 0.458665950136136, 0.5296737135667301, 0.010494099386573582, -0.6545806185392236, 0.069142185151577, -0.788815975189209, 1731687151499615721, 
0.2161487340927124, -0.057286977767944336, 0.025641073602948018, 0.1963846104987204, 0.41134883332035205, 0.47741623311176173, 0.0448443481963363, -0.6584160325484988, 0.09605910629034042, -0.7916353940963745, 1731687151591755066, 
-0.45031535625457764, 0.20381993055343628, -0.10242738922304331, 0.18628103039800212, 0.39300353057668636, 0.47399327462696494, 0.08525869174954492, -0.6623327752128912, 0.1304391473531723, -0.7942374348640442, 1731687151709277161, 
0.8298956155776978, 0.1452428698539734, 0.14652379693071557, 0.18668118190445188, 0.4077532015717335, 0.45782885624163566, 0.12239313601742743, -0.6625643413347122, 0.16958457231521606, -0.795301079750061, 1731687151800469330, 
-0.7973794937133789, -0.16472649574279785, -0.11131417740654051, 0.14719875218757694, 0.3480009898033877, 0.42298371700247395, 0.15512545555986054, -0.6634360882955667, 0.22425314784049988, -0.7938801050186157, 1731687151889114776, 
-0.4661496877670288, 0.3361840844154358, -0.20257978560710457, 0.15434308215463036, 0.35803295383102973, 0.4310862464002995, 0.19779500633250063, -0.6625533292130128, 0.26665177941322327, -0.7903854250907898, 1731687151979164387, 
-0.33609575033187866, 0.061778485774993896, -0.23722126739488356, 0.14032915139821928, 0.3440758217527907, 0.40784368597408166, 0.23662875527867527, -0.660151739033038, 0.3057304620742798, -0.7854836583137512, 1731687152098755144, 
-0.5538903474807739, -0.3411523103713989, -0.32520990467298816, 0.10366169498192475, 0.2831033120440267, 0.36616207077720037, 0.26586195310680033, -0.6572998170773231, 0.3248947560787201, -0.7825508117675781, 1731687152187662594, 
-0.11113101243972778, 0.6627737879753113, -0.2579488484824829, 0.14253198718826535, 0.34432089792966214, 0.41395102082180846, 0.31278386127382246, -0.6503406721920881, 0.359698086977005, -0.776176393032074, 1731687152308510396, 
0.23690390586853027, -0.2516496777534485, -0.12811029345160457, 0.11750905094984407, 0.31212099895626444, 0.3764855659913798, 0.34117683912207675, -0.6441633835730907, 0.4203895330429077, -0.7618571519851685, 1731687152398374705, 
0.3361705541610718, -0.08701145648956299, -0.0034853336401606955, 0.11318659286386598, 0.3178499283062489, 0.35610073428995875, 0.37195173481462374, -0.6366877727170586, 0.45770198106765747, -0.7508487701416016, 1731687152489379184, 
0.19235175848007202, -0.13005459308624268, 0.04839755596375885, 0.10817328965171773, 0.31944453671202994, 0.33862933066603934, 0.4015686894917515, -0.628553563726489, 0.476216197013855, -0.7448113560676575, 1731687152608216295, 
0.5758857727050781, 0.7114366888999939, 0.19693367242539891, 0.15823684599341573, 0.40543924457171854, 0.39028497638546944, 0.4449627771207179, -0.6145075196973983, 0.5280487537384033, -0.7261850833892822, 1731687152698206688, 
0.27784961462020874, 0.10717976093292236, 0.21728602093254495, 0.16133144671991495, 0.4160575395764305, 0.3877623438434964, 0.48024635919729985, -0.6013558573565344, 0.5681064128875732, -0.7092688083648682, 1731687152788115163, 
0.6825037002563477, -0.02263396978378296, 0.3386061173982243, 0.15561411031888026, 0.42443065091840004, 0.36664201791778284, 0.5117908977457429, -0.5877471988284383, 0.6040578484535217, -0.6924715042114258, 1731687152908014688, 
-0.10559588670730591, 0.18512600660324097, 0.2182025391765388, 0.15788531258488667, 0.4306749915773056, 0.36659967649072667, 0.5483969297518483, -0.5716111532046276, 0.6216474175453186, -0.6835277676582336, 1731687152999758983, 
0.12657803297042847, 0.14570748805999756, 0.19166766965367243, 0.15495198013221756, 0.43178962440235086, 0.35885989698499554, 0.5834136311971782, -0.55425926414756, 0.6694862246513367, -0.6574909687042236, 1731687153088042350, 
-0.2416173219680786, 0.41851890087127686, 0.07666870653321335, 0.17161896525707043, 0.4451075123463517, 0.3855674426890564, 0.6234381219978206, -0.5327133209098147, 0.7066375613212585, -0.634986937046051, 1731687153178247718, 
-0.06387960910797119, 0.33802497386932373, 0.03903580313897463, 0.1782806049065083, 0.44778686248159705, 0.39813719392858515, 0.6615634095028897, -0.5098743685057313, 0.7400383353233337, -0.6133573055267334, 1731687153297261460, 
0.0731009840965271, -0.1043398380279541, 0.04382516209743489, 0.1478458280605879, 0.41530452486663166, 0.35599378096847417, 0.6922065942120091, -0.49024899585542525, 0.7559179067611694, -0.6022981405258179, 1731687153387290579, 
0.5967982411384583, 0.30842798948287964, 0.19237113095825167, 0.16350438034095346, 0.44152796504687203, 0.37031489120648575, 0.7255246161947524, -0.4658796851732085, 0.8006319999694824, -0.5686895847320557, 1731687153506875807, 
0.19240409135818481, -0.4005182981491089, 0.18506412870492064, 0.1202914678845177, 0.39739743908514746, 0.30269814561825525, 0.7497873292229713, -0.4481406727719301, 0.8341817259788513, -0.5409634113311768, 1731687153596778797, 
-0.22000902891159058, 0.4314861297607422, 0.07828305280949817, 0.14342419948163931, 0.4163780554604777, 0.34445667248967937, 0.7833001500791141, -0.42119481346055343, 0.8636876344680786, -0.5149693489074707, 1731687153689875135, 
-0.3502550721168518, -0.19271469116210938, -0.04036706184670426, 0.11826996828736387, 0.3760297429536685, 0.3145229081039374, 0.8099592677142038, -0.39915241482819563, 0.8926464915275574, -0.487399160861969, 1731687153806816437, 
-0.0562436580657959, -0.2364216446876526, -0.046853393244284586, 0.09985102122978481, 0.3523074773897513, 0.28342010214935476, 0.8351123262043914, -0.3770324158237159, 0.91832035779953, -0.46175137162208557, 1731687153897705760, 
-0.08868414163589478, 0.25496166944503784, -0.05528872351089356, 0.1111738244398861, 0.370714625721748, 0.2998905808570155, 0.8649275172251745, -0.34889246480711805, 0.9370856881141663, -0.44179683923721313, 1731687153986264537, 
0.3036808967590332, -0.24856120347976685, 0.03834927963704962, 0.0958735828810874, 0.3553201660738399, 0.26982308361626645, 0.8871181861248784, -0.3263535718826031, 0.9744706749916077, -0.39936497807502747, 1731687154106118013, 
-0.09936696290969849, 0.5450546741485596, 0.006080152252520836, 0.1273434648255641, 0.39496231611922716, 0.3224192780637912, 0.9176287327404529, -0.29341567487728826, 0.9867531657218933, -0.384624719619751, 1731687154196097898, 
-0.43105995655059814, -0.013630449771881104, -0.11189063216166412, 0.11469646807886945, 0.3733188148456936, 0.3072346303421051, 0.9434735578495862, -0.2648603193023689, 1.0216257572174072, -0.34015896916389465, 1731687154285872383, 
0.06039392948150635, 0.4267076253890991, -0.062078089501223774, 0.1353485878804857, 0.4003322034167177, 0.3380906825014957, 0.9715987374981275, -0.23020256014735385, 1.0471583604812622, -0.30418533086776733, 1731687154408174760, 
-0.16684669256210327, 0.07377660274505615, -0.09049553929442618, 0.12744695101560827, 0.3876431368976701, 0.32877391312941434, 0.9958181220347, -0.19888024554260855, 1.0691723823547363, -0.2708297073841095, 1731687154495556890, 
0.1577085256576538, 0.25521212816238403, -0.022262039627086158, 0.13578915069865016, 0.402504100802686, 0.33736091241767546, 1.0201153175246098, -0.16451644730099255, 1.0794380903244019, -0.25451526045799255, 1731687154586125846, 
0.26562780141830444, -0.07462173700332642, 0.05264316590724269, 0.12352550286385734, 0.39049901654792646, 0.31632730846761786, 1.0394294431577822, -0.13497105862853065, 1.1082834005355835, -0.2057122141122818, 1731687154705365972, 
0.20574712753295898, -0.20746475458145142, 0.090643436841577, 0.10864986533096621, 0.3744087774607662, 0.2901904866328928, 1.0566217295515132, -0.10719560951903327, 1.1289284229278564, -0.16678334772586823, 1731687154765257830, 
-0.15370607376098633, 0.13001346588134766, 0.02575390314302492, 0.11859198209689258, 0.37976271982364024, 0.3122791572378828, 1.0759460038075235, -0.07375325416595431, 1.1464037895202637, -0.1310136467218399, 1731687154885107831, 
-0.07454949617385864, 0.5623031854629517, 0.0033712435161753797, 0.1522913994361159, 0.4181559779882815, 0.3641975900207834, 1.0979372283304394, -0.032162431059800864, 1.154841423034668, -0.11264802515506744, 1731687155004914235, 
-0.26019227504730225, -0.2558237910270691, -0.07196456046442516, 0.11493162679069997, 0.3681619166649521, 0.3121768482515104, 1.1129040179997338, -0.0030226561737240996, 1.1763361692428589, -0.06094752997159958, 1731687155098231824, 
0.1871923804283142, 0.5650612711906433, 0.0022968120580579843, 0.14333423867351222, 0.41241533827505106, 0.3475482732359452, 1.1318773928630477, 0.039305392124047336, 1.1920583248138428, -0.019221309572458267, 1731687155184613982, 
0.22829514741897583, 0.3709726333618164, 0.06446005544718737, 0.1611930210824996, 0.43426065864932056, 0.37118955602346687, 1.1480049305732125, 0.0802283186048292, 1.2044395208358765, 0.018690316006541252, 1731687155305942208, 
0.41052645444869995, 0.5055691003799438, 0.1593052249329996, 0.18771001983741029, 0.4709019036551845, 0.3986180951497278, 1.1633621421848288, 0.12468029478472964, 1.2102761268615723, 0.03824084624648094, 1731687155394338260, 
-0.2752636671066284, 0.7562168836593628, 0.046868551812242976, 0.22543728745601532, 0.5066824017615507, 0.4449281969775381, 1.1800334658345035, 0.17762406852565785, 1.224778175354004, 0.092445008456707, 1731687155484249299, 
0.1733616590499878, 0.3386562466621399, 0.07904869688442744, 0.2177096018974812, 0.5006100408228716, 0.434888604191046, 1.1915561117384026, 0.22317175964200672, 1.2340679168701172, 0.13543878495693207, 1731687155576900675, 
-0.5515878200531006, 0.22860199213027954, -0.09249154163899449, 0.19398275520250186, 0.46465223599936134, 0.4174794398337265, 1.2019052061206676, 0.26789264458805456, 1.2413692474365234, 0.17497943341732025, 1731687155674172225, 
-0.4381266236305237, -0.1631169319152832, -0.19007914978258936, 0.1452188461636541, 0.4013119792897166, 0.36186023258183675, 1.2094170484718465, 0.30501978586440576, 1.2444584369659424, 0.19498547911643982, 1731687155802847969, 
0.10892409086227417, 0.488028883934021, -0.10610906517542383, 0.16639168873618262, 0.4257694694973581, 0.3908023018480311, 1.2157021643162458, 0.3516866441041632, 1.2502301931381226, 0.23933331668376923, 1731687155893743627, 
0.424777090549469, -0.15650099515914917, 0.032161302283950685, 0.13946536788528888, 0.3993337561510415, 0.3492451257552551, 1.2188328685502712, 0.38606663935193114, 1.2550578117370605, 0.2955329716205597, 1731687155983579132, 
-0.2124055027961731, 0.25026261806488037, -0.03242425484250798, 0.14715307747816808, 0.4020133637411546, 0.3660402632110407, 1.2217827677465565, 0.4277808369398168, 1.2568106651306152, 0.3354000449180603, 1731687156105742723, 
0.6809307336807251, 0.6608920097351074, 0.16364143731466607, 0.1871292065646325, 0.4661819736716133, 0.4014080705240859, 1.222470515400724, 0.476719867081657, 1.2570674419403076, 0.3556327223777771, 1731687156193605965, 
-0.12768137454986572, -0.38585370779037476, 0.07723580355350046, 0.13205637025319275, 0.40000388526505315, 0.33013771895162647, 1.2226741043414746, 0.5075342712006337, 1.25670325756073, 0.3915466070175171, 1731687156283224495, 
-0.07912111282348633, 0.3124978542327881, 0.03701701295771734, 0.1458163239558765, 0.41672829284865276, 0.34990742519331175, 1.2210297881496923, 0.5508039251800015, 1.25505793094635, 0.43221959471702576, 1731687156403037852, 
-0.18382537364959717, 0.25920742750167847, -0.021387016591082955, 0.15200424477918423, 0.4193545462417169, 0.3624719134237515, 1.2178688617330347, 0.5939914487665932, 1.249656319618225, 0.4964892864227295, 1731687156491935388, 
0.3022844195365906, -0.5460411310195923, 0.057795907744786115, 0.10308600712572459, 0.3630148943927595, 0.2839718389466189, 1.2151177928731196, 0.6209394619974647, 1.2474243640899658, 0.5167856216430664, 1731687156585893229, 
-0.3292922377586365, 0.05102694034576416, -0.04539277101414203, 0.10515018281508492, 0.3600297976231196, 0.29205966703110636, 1.210522759915335, 0.6584217298433922, 1.2389881610870361, 0.5723200440406799, 1731687156672649518, 
0.1252313256263733, -0.34369170665740967, -0.002598969385085137, 0.09068197574875395, 0.33563199732531207, 0.2701827491759084, 1.2055952502317726, 0.6878962004678892, 1.2306394577026367, 0.6153307557106018, 1731687156793691978, 
-0.3918871283531189, -0.4750186800956726, -0.10893589768714898, 0.0756880186849976, 0.30426142562799574, 0.24875982398615756, 1.2006793134402027, 0.7175661672041803, 1.2214016914367676, 0.6545482277870178, 1731687156892396167, 
0.24992620944976807, 0.20666879415512085, -0.008953624284854078, 0.09411847770704018, 0.3396296181037592, 0.27712093613191985, 1.192469847196636, 0.7545442957136235, 1.216206431388855, 0.6742229461669922, 1731687157012248575, 
-0.09720510244369507, -0.04982423782348633, -0.03198500666579278, 0.09534729330983355, 0.3412332062226949, 0.2794197386745773, 1.184242228973933, 0.7889907554505321, 1.1996850967407227, 0.728531539440155, 1731687157102105339, 
0.22634780406951904, 0.07547199726104736, 0.03895923102075974, 0.10860695932669258, 0.3621248864150199, 0.2999157566934562, 1.1739734811068943, 0.8248325478007399, 1.185289978981018, 0.7702950835227966, 1731687157193617055, 
0.08934211730957031, 0.05829042196273804, 0.05270557610607432, 0.11540981519356804, 0.36972568827734115, 0.31214984203909585, 1.1629074071871053, 0.8595994989898904, 1.1705315113067627, 0.8075613975524902, 1731687157311804124, 
0.06828498840332031, -0.4354778528213501, 0.05326688440083219, 0.09592060974905664, 0.343441928811096, 0.2792920773567401, 1.1534395917179239, 0.8874177924608413, 1.162532091140747, 0.8265016674995422, 1731687157402302948, 
-0.21027427911758423, 0.22646564245224, -0.015028428105932079, 0.11666314920636607, 0.35975394220253903, 0.32428595081436384, 1.1393721701327082, 0.9239454027390721, 1.1474908590316772, 0.8596516251564026, 1731687157491714878, 
0.4103547930717468, 0.13436949253082275, 0.10004398340111124, 0.12321035707240587, 0.38278832665126544, 0.32187595204452285, 1.124655464387129, 0.95881608638947, 1.1172293424606323, 0.9188082814216614, 1731687157580476765, 
0.48307716846466064, 0.13463610410690308, 0.2025858716108518, 0.13327807143091672, 0.40491256440185225, 0.32915271875497043, 1.1086350830383989, 0.9925866801660219, 1.0992473363876343, 0.95048588514328, 1731687157673859701, 
-0.020721614360809326, -0.2465682029724121, 0.13845372767805422, 0.11308824734639744, 0.3793747424424509, 0.29809113442377444, 1.0946867841295307, 1.0211561004316907, 1.0881686210632324, 0.9691230058670044, 1731687157791232848, 
-0.09939193725585938, 0.21818500757217407, 0.07625181977527998, 0.12945113314686293, 0.39820675918439136, 0.32508522309366433, 1.0752691057025565, 1.0574703460219348, 1.05784273147583, 1.0161765813827515, 1731687157914206959, 
0.8380228281021118, -0.06343775987625122, 0.277749660919682, 0.12710141176504694, 0.4086088535785605, 0.31105887856296777, 1.0579151346966773, 1.0856971256370753, 1.0322542190551758, 1.0519554615020752, 1731687158000931363, 
-0.06178063154220581, 0.48977184295654297, 0.1886054896556342, 0.15616175851782718, 0.44016865842468833, 0.35477709629920423, 1.0341086456126636, 1.123382768434235, 1.0080316066741943, 1.0834760665893555, 1731687158090789838, 
0.13395828008651733, -0.2135828137397766, 0.16876865007849906, 0.12849864827513446, 0.41130087201457105, 0.3124200725511279, 1.0155654619599588, 1.1511460071011903, 0.9954600930213928, 1.0992348194122314, 1731687158180764220, 
-0.2086467742919922, 0.19303011894226074, 0.0675844559449278, 0.13192403187515034, 0.41457852604114614, 0.3182124099260682, 0.9916851853231378, 1.1850178270100955, 0.9584299325942993, 1.1421797275543213, 1731687158300542958, 
0.381338894367218, 0.7724372744560242, 0.1566900311923718, 0.18374159240762505, 0.47563319087351297, 0.386309441673275, 0.9598849531175649, 1.2245235280135112, 0.9279557466506958, 1.174797534942627, 1731687158393685359, 
-0.6538864970207214, 0.6343737840652466, -0.05830544233189705, 0.20748779347428659, 0.4821123189958182, 0.43037231221649475, 0.9260111522471134, 1.2648461935556279, 0.8996356725692749, 1.2029169797897339, 1731687158490317396, 
0.4942038059234619, 0.1712721586227417, 0.08728191137105426, 0.1940135056660726, 0.47367867729421115, 0.4095888520343232, 0.8966250345916409, 1.2955114650990474, 0.8848577737808228, 1.2166482210159302, 1731687158610095692, 
-0.3895756006240845, 0.6821701526641846, -0.03727228245465185, 0.2210840414370871, 0.4937247650309777, 0.4477880331224942, 0.8583503834534844, 1.3338083416931736, 0.8429785966873169, 1.2534980773925781, 1731687158700147414, 
0.7567390203475952, -0.36333006620407104, 0.16602751273755229, 0.1575674152910939, 0.4355196106384861, 0.3617917803060461, 0.8356082771854998, 1.3534326598093482, 0.808458685874939, 1.2813327312469482, 1731687158791982273, 
0.2997790575027466, -0.2873968482017517, 0.19583912001737863, 0.12648267502137908, 0.4047489724266635, 0.3124965932910342, 0.8114404985543379, 1.3741402533581286, 0.7762023210525513, 1.3056436777114868, 1731687158909710233, 
-0.09527039527893066, 0.20961910486221313, 0.11819055678261611, 0.13586757300387947, 0.41702488804888554, 0.32580207296393415, 0.7794275696477763, 1.4001850234861692, 0.7594788074493408, 1.3174017667770386, 1731687159002336169, 
-0.3044814467430115, -0.22521942853927612, 0.000762922178704939, 0.11119864065196491, 0.37799688954928407, 0.29417871873114076, 0.7525966689104462, 1.421243183028124, 0.7126526236534119, 1.3485028743743896, 1731687159089596632, 
0.3989217281341553, -0.1408488154411316, 0.10537211347874047, 0.10513338148555014, 0.3734893823364212, 0.28148961244325565, 0.7254287784776063, 1.4401196045329447, 0.675302267074585, 1.3709403276443481, 1731687159179424484, 
-0.09721368551254272, 0.1285211443901062, 0.05242274797705781, 0.11375768146238535, 0.38874899600004625, 0.2926250167405495, 0.692192921975039, 1.4628587533897242, 0.6401426792144775, 1.3903164863586426, 1731687159299217490, 
-0.021484076976776123, -0.04970818758010864, 0.03163602570983037, 0.10757814441970757, 0.38288173810973847, 0.2809696407846811, 0.6610145082957543, 1.4828932949864244, 0.6222202777862549, 1.3997143507003784, 1731687159389084682, 
0.12272608280181885, 0.4444054961204529, 0.05901796881044476, 0.13411126496433623, 0.41498864543021563, 0.3231685166356879, 0.622994211711825, 1.5047923890476926, 0.5718345046043396, 1.4244853258132935, 1731687159508981222, 
0.28267157077789307, 0.16846030950546265, 0.11838325008062846, 0.13802597190727756, 0.4234024299940397, 0.3259923943025565, 0.5877917559424991, 1.5235519032313471, 0.531622588634491, 1.4419033527374268, 1731687159598782828, 
-0.19544893503189087, 0.3794153928756714, 0.035808465520446656, 0.15464988237048122, 0.4374931950556034, 0.35349094367245165, 0.5470311112775857, 1.5439742926750502, 0.4946504533290863, 1.4564857482910156, 1731687159689789414, 
-0.11240750551223755, 0.33448606729507446, -0.0035995480722935055, 0.16133022155300147, 0.4383714603820776, 0.3680217261689176, 0.5066191107118949, 1.562210867629185, 0.4758380055427551, 1.463525652885437, 1731687159808659917, 
0.046242475509643555, -0.03925776481628418, 0.006381949604006645, 0.14105612237049606, 0.40990988293445674, 0.3441149585384612, 0.4725425552638681, 1.5760911561936053, 0.4420820474624634, 1.474884271621704, 1731687159898874315, 
0.05317801237106323, -0.10258841514587402, 0.016478609458440093, 0.1238041007398254, 0.39095208774890944, 0.3166733331766707, 0.4387618407244536, 1.5889739960705065, 0.3803298771381378, 1.4928717613220215, 1731687159988722432, 
0.29500651359558105, -0.23908352851867676, 0.08799172046452597, 0.10775234283856258, 0.37492434843983025, 0.287397559766261, 0.4079847518722261, 1.5994023940633304, 0.3416168689727783, 1.5023272037506104, 1731687160108429694, 
0.212391197681427, 0.17271989583969116, 0.12193181354902491, 0.11714316022879849, 0.39314946037866927, 0.297960882652541, 0.37125203270662943, 1.6106342353065328, 0.32207608222961426, 1.506729245185852, 1731687160200091909, 
-0.1939355731010437, -0.04339194297790527, 0.03558340125477431, 0.10951284160759862, 0.3792913263989343, 0.2887301501126716, 0.3365019745417293, 1.6206738257345172, 0.28689339756965637, 1.5136593580245972, 1731687160288418751, 
-0.1174888014793396, 0.9296593070030212, 0.0017229572392971904, 0.16596417304661693, 0.4399311598698997, 0.37725032501834443, 0.2856799729011613, 1.6324857813232165, 0.22371906042099, 1.5235108137130737, 1731687160378437888, 
-0.6448432803153992, 0.07070362567901611, -0.17380373900337814, 0.14498821484369823, 0.39758170129648457, 0.3646752714496225, 0.24649702665886575, 1.6408690065088543, 0.1840709149837494, 1.5279186964035034, 1731687160497698414, 
-0.07175004482269287, -0.10090804100036621, -0.14801042354029617, 0.12237206441084585, 0.37064159786621675, 0.3301627909963201, 0.21015628380067983, 1.6473248720361344, 0.1645275354385376, 1.5295093059539795, 1731687160587744011, 
0.15984326601028442, 0.02548271417617798, -0.06523267828475224, 0.1157510732635982, 0.3694764958672405, 0.3132839965689986, 0.1728871993772949, 1.6525065776650365, 0.1012316420674324, 1.532613754272461, 1731687160707298298, 
0.8041123747825623, 0.521705687046051, 0.17193372352159034, 0.1501484613938705, 0.42979590763035225, 0.349348280726317, 0.12880412517405906, 1.655999032100306, 0.06444613635540009, 1.5331391096115112, 1731687160797317756, 
-0.15857595205307007, 0.2393541932106018, 0.08280265172076089, 0.1543282225931173, 0.43023963701845536, 0.3587029397444785, 0.08690280349383218, 1.658698329814861, 0.02440907433629036, 1.5324050188064575, 1731687160889851402, 
-0.18979984521865845, 0.19970494508743286, 0.009863458217218138, 0.15453379290947125, 0.43010098117929857, 0.3592965365616078, 0.04329872221135966, 1.6602079420718863, 0.004568762145936489, 1.5313100814819336, 1731687161006846954, 
-0.7458186745643616, -0.11686396598815918, -0.1956204365141151, 0.1254930370429291, 0.37899717701976615, 0.33111865906163246, 0.00516873308677347, 1.6609368122551316, -0.05899154394865036, 1.5259753465652466, 1731687161098272089, 
0.07323569059371948, 0.4702046513557434, -0.11940120319853921, 0.14653125737646686, 0.40535873623000496, 0.36148538141613756, -0.040774074605622615, 1.6588841413638928, -0.09539388120174408, 1.5215096473693848, 1731687161186609383, 
-0.27552974224090576, 0.2182598114013672, -0.16012261200280953, 0.14435387093606034, 0.39806359583089007, 0.3626402224366842, -0.08384768251806343, 1.6559146691759028, -0.11530347168445587, 1.5185904502868652, 1731687161306565340, 
0.1591891646385193, -0.061095476150512695, -0.0759914418036662, 0.1281878689906843, 0.3809229460606393, 0.3365191577886148, -0.1204418386632973, 1.6517856737457115, -0.15402361750602722, 1.5119191408157349, 1731687161395465283, 
-0.15121084451675415, 0.41819822788238525, -0.09240341452505972, 0.14939540216759534, 0.40341196275566693, 0.370329628172378, -0.16556621997330162, 1.645145458115285, -0.21053506433963776, 1.4996424913406372, 1731687161515242904, 
-0.1192939281463623, 0.12261122465133667, -0.09959302403774913, 0.1400496387908365, 0.39383092226773164, 0.35560853877194754, -0.20569814865525957, 1.638071907293655, -0.25306257605552673, 1.4882769584655762, 1731687161608678637, 
0.004268527030944824, -0.16640740633010864, -0.07421426165897754, 0.1167679962911541, 0.36648949827916694, 0.31861212078226625, -0.2396864846108215, 1.630921755430793, -0.2915898561477661, 1.4766438007354736, 1731687161687906101, 
-0.010905861854553223, 0.9383327960968018, -0.04914045976791256, 0.16997325327525514, 0.4319562307867694, 0.39349647293121376, -0.29053697317870475, 1.6176265009376838, -0.3093550205230713, 1.4708991050720215, 1731687161795844089, 
-0.16708266735076904, 0.4957713484764099, -0.07799201993224142, 0.1855232880189989, 0.4471565242697977, 0.4148956303879422, -0.3373687508845379, 1.6035463371409757, -0.3630920350551605, 1.4510211944580078, 1731687161897996020, 
-0.21767187118530273, 0.30199432373046875, -0.11454111085500013, 0.18056333363939955, 0.44268404426083513, 0.4078830849684054, -0.3818669618986202, 1.5884650477198583, -0.40439215302467346, 1.4337189197540283, 1731687161985624370, 
-0.33696413040161133, -0.07166498899459839, -0.1775442999112467, 0.1464643775789388, 0.3942501539293144, 0.3715011297248563, -0.4174608906274042, 1.5749222263024736, -0.42258957028388977, 1.4255387783050537, 1731687162106243099, 
0.1425836682319641, 0.6356194019317627, -0.08649257238192348, 0.17720448970520572, 0.43340567732447877, 0.40886517869155103, -0.46261102722204483, 1.55487862340302, -0.45866936445236206, 1.4081528186798096, 1731687162195286300, 
-0.37404733896255493, -0.014286041259765625, -0.16609989288342278, 0.1492134887147522, 0.39298793731393095, 0.3796897424756217, -0.49786547641633266, 1.538276703722114, -0.4905335605144501, 1.391312599182129, 1731687162285150560, 
-0.6303607821464539, 0.25775402784347534, -0.28813319021746947, 0.1443573801995446, 0.381702842712679, 0.37819309694847475, -0.5381473080743, 1.5180817943127896, -0.5462102890014648, 1.3594093322753906, 1731687162378245142, 
-0.010341167449951172, -0.41464662551879883, -0.21790175147965551, 0.10617576853152057, 0.3265804871582988, 0.3251136326465686, -0.5643128894480667, 1.5031328344637436, -0.5801556706428528, 1.337935209274292, 1731687162458505969, 
-0.08226215839385986, 0.10439044237136841, -0.17899393032932537, 0.10775124578232892, 0.3324404115890285, 0.3241219840490807, -0.5968666708514486, 1.4834884762590275, -0.5968832969665527, 1.3267924785614014, 1731687162586875789, 
-0.5564728379249573, 0.10414564609527588, -0.2773959691354024, 0.10344018718149033, 0.3264278432678577, 0.3168853065533695, -0.6307418786412676, 1.4624800096534933, -0.62652587890625, 1.305692195892334, 1731687162684896206, 
-0.05615818500518799, 0.16818106174468994, -0.2144888959488716, 0.11018824003728905, 0.33868285587392605, 0.3253434241687934, -0.6635976845537388, 1.4395525690821611, -0.6773918271064758, 1.2670507431030273, 1731687162777600514, 
0.06818950176239014, 0.5627536773681641, -0.13236212442373468, 0.1400190229292152, 0.38343502317671563, 0.3651701447853498, -0.7007118247692529, 1.4113183012228998, -0.7080533504486084, 1.2415728569030762, 1731687162906595270, 
0.15865957736968994, 0.30689746141433716, -0.0518394493695543, 0.15147137690333842, 0.40287188994095025, 0.37597901637053877, -0.7340752296542769, 1.3836629710654236, -0.7232179045677185, 1.2282758951187134, 1731687162994239447, 
0.43120521306991577, 0.27974265813827515, 0.07877346234084572, 0.1630237538384329, 0.42470313249095937, 0.3838534292937036, -0.7651088732195237, 1.355236303205082, -0.7642828822135925, 1.189682126045227, 1731687163084105717, 
0.15387636423110962, -0.3113192915916443, 0.09323159460448012, 0.1252021578422162, 0.3858126637386697, 0.32451541799836287, -0.7878009483405782, 1.333753544233449, -0.7949287295341492, 1.1583442687988281, 1731687163203981847, 
-0.3434637188911438, 0.07596462965011597, -0.02370217260455909, 0.12093553600779676, 0.3811024143802773, 0.3173308051707147, -0.8160443903731238, 1.3061070432870203, -0.8086445331573486, 1.1435256004333496, 1731687163293857053, 
-0.2692924737930298, -0.5255122184753418, -0.09434902555558373, 0.08579581459862248, 0.32842600437675207, 0.2612333172625463, -0.8365008383584194, 1.2853339146356528, -0.835417628288269, 1.1133449077606201, 1731687163386436421, 
-0.21555966138839722, 0.06542015075683594, -0.1247819079494586, 0.09557557424202016, 0.3325043303998536, 0.2874415924962108, -0.8609339141391057, 1.2576702153880985, -0.8710413575172424, 1.0697829723358154, 1731687163503644973, 
0.09746664762496948, 0.10653918981552124, -0.06275177040700691, 0.10487730837915768, 0.3497395438316844, 0.299872605854461, -0.8853488465782278, 1.2283220328767228, -0.8973096013069153, 1.03445303440094, 1731687163594300959, 
-0.39032065868377686, -0.33280515670776367, -0.15227274556530998, 0.08600192845150245, 0.31707171471860784, 0.2712380968066695, -0.9057407987798377, 1.2035366713466389, -0.9089123606681824, 1.0178991556167603, 1731687163682299259, 
0.27149760723114014, -0.4461458921432495, -0.04006939549932552, 0.0734635788162323, 0.3049311602673365, 0.24091856913483675, -0.9230037940899636, 1.1806010522163681, -0.9310845136642456, 0.9843003749847412, 1731687163803246794, 
-0.5747027397155762, -0.12935709953308105, -0.18130741804097272, 0.07420678824667948, 0.30072148513138275, 0.24676250921765416, -0.9443567985205761, 1.1520431883051823, -0.9503030180931091, 0.9531979560852051, 1731687163893101562, 
-0.5699483156204224, -0.00931638479232788, -0.28221329288443586, 0.08084950922945698, 0.29807459881823206, 0.2712391782124299, -0.9656892858878268, 1.1212294405037426, -0.9827325940132141, 0.8951117992401123, 1731687163983562162, 
-0.09838199615478516, 0.196885347366333, -0.2281535787636045, 0.09595668030156936, 0.31928195592389425, 0.30053900172311054, -0.9871049722113144, 1.0875104705246128, -0.9917972087860107, 0.8774341940879822, 1731687164106238410, 
-0.22345775365829468, 0.0440446138381958, -0.2244601335736759, 0.09707792268643857, 0.3187092589790991, 0.3045971208913166, -1.0063770600224982, 1.055481878995655, -1.007659912109375, 0.8443995714187622, 1731687164192916208, 
0.3914918303489685, -0.09269499778747559, -0.0583491199263905, 0.09681150055641166, 0.32724929569017863, 0.2958340990535466, -1.0223224369017048, 1.0260076539485163, -1.0312210321426392, 0.7898628115653992, 1731687164282583764, 
-0.3478841185569763, -0.13092321157455444, -0.13522410756446934, 0.08953015974296255, 0.31819521266381656, 0.28136865728886384, -1.038936487056324, 0.9952135829629152, -1.0469199419021606, 0.7490572333335876, 1731687164402385473, 
-0.11599844694137573, -0.7695498466491699, -0.13414466497853245, 0.06233583460541982, 0.269417945170308, 0.2313722442134108, -1.0494722088605077, 0.9742955647143183, -1.0597764253616333, 0.7115969657897949, 1731687164492307347, 
0.05202704668045044, -0.12933123111724854, -0.08144546234879368, 0.07143711629346688, 0.2875700771310591, 0.2484163756054134, -1.0630692393178753, 0.9445275691703536, -1.0659140348434448, 0.6925660967826843, 1731687164612145643, 
-0.3256452679634094, -0.024840831756591797, -0.14385903362683286, 0.0787182993470577, 0.29818782770861274, 0.26398897618309464, -1.0774625445951096, 0.9118332012594436, -1.0759440660476685, 0.657686173915863, 1731687164701964317, 
-0.5195348262786865, 0.776542067527771, -0.23578946072610996, 0.11881951239131452, 0.348952808530187, 0.3405030980887943, -1.0955787042040899, 0.8662180371876452, -1.0911551713943481, 0.5959317088127136, 1731687164794102847, 
0.21223533153533936, 0.042318642139434814, -0.1144735080015775, 0.1178553206258503, 0.3523959299701463, 0.3344400732319314, -1.107630184534257, 0.831038510603247, -1.098633050918579, 0.5582823157310486, 1731687164881769344, 
-0.08559602499008179, 0.3231085538864136, -0.10314672070462767, 0.13419479049682403, 0.37404460393791605, 0.3587668130592727, -1.1203526452524348, 0.7900358478563929, -1.1020325422286987, 0.5390187501907349, 1731687165002101790, 
-0.25612056255340576, 0.15377753973007202, -0.142445034078794, 0.1325127754148467, 0.37391212076958336, 0.3543955064684981, -1.1315923074521328, 0.7500764554650291, -1.110469102859497, 0.4796134829521179, 1731687165091509250, 
-0.00843501091003418, 0.905289351940155, -0.09790931557697827, 0.18406635404775112, 0.44070375936350437, 0.4176645879163654, -1.1439350743551278, 0.6961899074133702, -1.1148320436477661, 0.4348713457584381, 1731687165181638701, 
-0.12597936391830444, 0.030137181282043457, -0.10786863732956999, 0.15699817295479107, 0.4088247878001153, 0.38402312589605364, -1.1511466760232478, 0.6575073306856061, -1.117086410522461, 0.3991259038448334, 1731687165301251751, 
-0.030651628971099854, 0.4392346143722534, -0.08420350399490821, 0.1729453902411818, 0.42680258497836554, 0.4052116747370411, -1.1576958736896366, 0.6111348623388051, -1.1178950071334839, 0.3772188425064087, 1731687165391093972, 
-0.056680500507354736, 0.27593111991882324, -0.07610014869982712, 0.17352976099180645, 0.42579044528115445, 0.40754733441052843, -1.1620619580013887, 0.5671800734425545, -1.1182321310043335, 0.34101933240890503, 1731687165514111499, 
-0.16064858436584473, -0.011765480041503906, -0.10072028667595005, 0.1506376097592759, 0.39864864609773243, 0.37787061672936345, -1.1647951292030596, 0.5281159347055021, -1.1159216165542603, 0.27612417936325073, 1731687165600798953, 
0.13995647430419922, 0.3797627091407776, -0.03334619130274527, 0.1627988465369714, 0.42237679474161755, 0.38543511045998885, -1.1659657268987038, 0.4825953899597685, -1.1124989986419678, 0.23512867093086243, 1731687165690687505, 
0.15647363662719727, -0.05710214376449585, 0.014225345386858483, 0.13806441598365296, 0.3973673241391343, 0.3474478337713321, -1.1655308752004165, 0.4467542510488971, -1.1103800535202026, 0.21600878238677979, 1731687165780568725, 
0.017298221588134766, 0.1618703007698059, 0.015448730184577097, 0.14232033105225045, 0.40226288969395674, 0.35379930562455897, -1.1635658792907602, 0.40636980187994765, -1.1056585311889648, 0.17991162836551666, 1731687165900404941, 
-0.6144182682037354, 0.7943381667137146, -0.14653231502919803, 0.18915670504514662, 0.4406348265645407, 0.4292822392635831, -1.1591480361558133, 0.3526994319866509, -1.0945066213607788, 0.11648634821176529, 1731687165991472254, 
-0.15987712144851685, 0.46714192628860474, -0.14733192728187772, 0.197530662559228, 0.4501534867344703, 0.4388073587792609, -1.15282601871235, 0.3032473082629716, -1.0856950283050537, 0.07711608707904816, 1731687166090222805, 
0.46188658475875854, -0.20567560195922852, 0.010053157738050184, 0.15371780818623013, 0.40582644904895715, 0.3787772052473748, -1.146526617951535, 0.2707388406356065, -1.0807435512542725, 0.057636260986328125, 1731687166209982806, 
-0.4540552496910095, 0.2374226450920105, -0.1133961223467372, 0.1490296701814656, 0.39926763973772444, 0.37325757298879003, -1.1384444994216663, 0.22819379233161746, -1.0650124549865723, 0.0036058437544852495, 1731687166299861612, 
-0.3427906036376953, -0.13510340452194214, -0.1769187387422242, 0.12065125674893515, 0.36312634182059883, 0.33225696638814056, -1.1304730019089317, 0.1921347795512988, -1.0588843822479248, -0.015281196683645248, 1731687166389875184, 
-0.17485302686691284, 0.14851301908493042, -0.17424243325571828, 0.1251371752337609, 0.3641164560097639, 0.3436734955763859, -1.1196133285365557, 0.15305095926744622, -1.0370242595672607, -0.07567358762025833, 1731687166509617883, 
-0.07256853580474854, 0.12525713443756104, -0.14554843860203698, 0.124127817463202, 0.36326320162528736, 0.34170215124416076, -1.1078225581670655, 0.11539220562638322, -1.0294886827468872, -0.09401340782642365, 1731687166602361214, 
0.15143853425979614, 0.058036625385284424, -0.06560647359004206, 0.12133501104883732, 0.3623986057603026, 0.33481092123486433, -1.0953244631233428, 0.08066663973141389, -1.0068093538284302, -0.14483730494976044, 1731687166689363748, 
-0.30639827251434326, -0.039888203144073486, -0.1302530439706549, 0.1103970663866061, 0.3469084608028313, 0.31823111529514214, -1.08253982932607, 0.04631182284883961, -0.9874458909034729, -0.18371368944644928, 1731687166779270161, 
-0.16861319541931152, 0.11338311433792114, -0.13807490992004576, 0.11233576895670377, 0.3547372883068901, 0.3166731343436327, -1.067250005803684, 0.009189792754411032, -0.9683667421340942, -0.21933087706565857, 1731687166899082308, 
-0.608915388584137, -0.38316476345062256, -0.2665464519071832, 0.08102045062748864, 0.3053077141505676, 0.26537308712590224, -1.0549905257152359, -0.020525391222522102, -0.9585680961608887, -0.23683471977710724, 1731687166989091616, 
0.0016526579856872559, -0.4507642388343811, -0.1951071211027537, 0.06930039695595595, 0.28460469283609785, 0.24349702833559964, -1.042112373682997, -0.04728974288205188, -0.9401851892471313, -0.26791271567344666, 1731687167082203123, 
-0.5798932909965515, 0.10780835151672363, -0.29395747390868604, 0.07831310554010518, 0.2896976751687764, 0.2703270072653512, -1.0251439509046558, -0.08116380721554615, -0.9055491089820862, -0.32070252299308777, 1731687167169011524, 
0.22956937551498413, 0.45116299390792847, -0.14668271741642594, 0.10605456754021085, 0.3408752090356947, 0.31112431977740385, -1.0039471639281943, -0.11879351931513737, -0.8822050094604492, -0.35327404737472534, 1731687167290607873, 
-0.11689633131027222, 0.4454458951950073, -0.13363342295603664, 0.12754263847491812, 0.37262902821475563, 0.34227778519018665, -0.9808741496693314, -0.1573264306593086, -0.870328962802887, -0.369201123714447, 1731687167388912616, 
0.10995292663574219, -0.152707040309906, -0.07007354688572975, 0.11112240604747195, 0.3526731710641286, 0.31508607732246785, -0.9625174527666461, -0.1853922015662099, -0.8349292874336243, -0.4132812023162842, 1731687167508825706, 
-0.5599457025527954, 0.35654473304748535, -0.19708793043191114, 0.12620686698086891, 0.36670129932758533, 0.34416803870696, -0.9372635524748733, -0.2226026579275397, -0.8056877255439758, -0.4464915692806244, 1731687167598720345, 
-0.36728185415267944, 0.155281662940979, -0.24099727729308323, 0.12174444937336412, 0.3565604741691959, 0.34144123702167184, -0.9131538561257336, -0.25545530034440866, -0.7781001925468445, -0.4759931266307831, 1731687167690268670, 
-0.08251136541366577, 0.1655762791633606, -0.196208474532949, 0.1199107952013715, 0.3590670711627922, 0.33395096579882955, -0.887892545986869, -0.2874038636519847, -0.7649129033088684, -0.4893551170825958, 1731687167807943079, 
-0.0692560076713562, 0.07243120670318604, -0.16103868780452882, 0.115701252756124, 0.35439462787947107, 0.32647575232284215, -0.8629790385374821, -0.31665016828221826, -0.7237977385520935, -0.5281327962875366, 1731687167898768920, 
0.2724968194961548, -0.047373831272125244, -0.04423201170997894, 0.11068798378668772, 0.35940568535768214, 0.3079750496337601, -0.8382951453685995, -0.3436489038209488, -0.6905134916305542, -0.5573397278785706, 1731687167987626989, 
-0.13068383932113647, -0.24471330642700195, -0.06912389749997011, 0.09848168379907628, 0.3368330916565811, 0.29237532249201775, -0.8157005887283534, -0.36708535593982705, -0.6595537066459656, -0.5827862620353699, 1731687168107525651, 
-0.45901304483413696, 0.2192336916923523, -0.17017431619187326, 0.10805967350447265, 0.34695677025193133, 0.31144996371164235, -0.7863614358207452, -0.39637732579850377, -0.6445212960243225, -0.5945438146591187, 1731687168197382874, 
-0.39609330892562866, -0.017580926418304443, -0.22944331518029265, 0.10108169368172859, 0.3338474958536874, 0.3027780496698074, -0.7587130546940813, -0.4224528039157088, -0.5983389616012573, -0.6281793117523193, 1731687168287217280, 
-0.335685670375824, 0.40392428636550903, -0.25256544865244573, 0.11969797350663301, 0.3547882840077056, 0.3373785970453108, -0.7248776127696817, -0.45179307024463805, -0.5618951320648193, -0.652587354183197, 1731687168378636199, 
0.09702157974243164, -0.09359824657440186, -0.15905685632857655, 0.11083363899781465, 0.34032884322962914, 0.32566631128303214, -0.6975293739264914, -0.47336498640220315, -0.5450100898742676, -0.6631689667701721, 1731687168496921714, 
-0.005092322826385498, 0.30258411169052124, -0.11401295213345747, 0.12667370232405206, 0.363420098217352, 0.34855998043424624, -0.6639902707501275, -0.4983320135487452, -0.511249840259552, -0.6832318305969238, 1731687168586868096, 
-0.401115357875824, 0.1869233250617981, -0.18843926150518697, 0.12651682257733057, 0.3648463973471358, 0.34676736154517984, -0.6295758313835896, -0.52302532443221, -0.4607238471508026, -0.7104200720787048, 1731687168706623380, 
-0.2962968945503235, 0.2816392183303833, -0.21406615844883242, 0.1307877277760514, 0.37173985412294364, 0.35182595120080035, -0.5930107241939983, -0.5471326064662259, -0.4214971661567688, -0.7295325398445129, 1731687168796510370, 
-0.13348180055618286, 0.21227961778640747, -0.190156901752989, 0.131824319091765, 0.3739771810303116, 0.35249294817557436, -0.5568778149816285, -0.5688539685556433, -0.3847185969352722, -0.7460572123527527, 1731687168888585492, 
-0.19046610593795776, 0.4795864224433899, -0.18558500216823645, 0.15061012661429496, 0.39617125608317766, 0.3801641949073503, -0.5156034293567507, -0.5915239032355768, -0.3674582839012146, -0.7530465722084045, 1731687168996250629, 
0.24889659881591797, 0.1326768398284912, -0.06882368354778622, 0.14881510036675366, 0.395691628631193, 0.3760885740280792, -0.4797052816054826, -0.6087751540151141, -0.3140369951725006, -0.7732541561126709, 1731687169098377865, 
-0.3562367558479309, -0.24122869968414307, -0.148848414785816, 0.11693924752998695, 0.35315388537007103, 0.3311283051790467, -0.44869655174244455, -0.6235886815505745, -0.2719758450984955, -0.7869680523872375, 1731687169186020584, 
-0.01586371660232544, 0.11598622798919678, -0.11126636785214802, 0.11886683589901438, 0.3603771067733447, 0.3298401415209052, -0.4123903232661933, -0.6389033842239809, -0.23323355615139008, -0.7981439232826233, 1731687169307095990, 
-0.5876078009605408, 0.7430916428565979, -0.23163607208836445, 0.14996863477103964, 0.3968817175775171, 0.37786732955707, -0.36441300854035974, -0.6576926138003162, -0.21401433646678925, -0.8033206462860107, 1731687169395819575, 
0.13840436935424805, 0.06726944446563721, -0.13281174897024112, 0.13967806655539297, 0.3838569772822867, 0.3638804940952639, -0.32753210419907997, -0.6696197246987075, -0.15912611782550812, -0.8162271976470947, 1731687169485593170, 
0.06748706102371216, 0.3756173253059387, -0.0757018171187229, 0.15531412335431558, 0.40791317218129547, 0.38075290024046293, -0.28406745901417585, -0.6822170228899119, -0.11564646661281586, -0.8243498206138611, 1731687169578752723, 
0.16575932502746582, 0.08372825384140015, -0.011723322547560935, 0.14541331537699329, 0.4027117827363012, 0.36108532605863947, -0.24591103477108245, -0.6917147825060594, -0.07598349452018738, -0.8302357196807861, 1731687169695301044, 
-0.517228901386261, 0.1937696933746338, -0.14666724484214938, 0.13881784519674775, 0.38889134950122384, 0.3569579147872275, -0.20482317570121417, -0.7012212116216536, -0.056654736399650574, -0.8326285481452942, 1731687169786791592, 
0.030523836612701416, 0.34239381551742554, -0.09662323416674963, 0.14920287145961603, 0.4029435400900885, 0.37028232646751913, -0.16155533890648577, -0.7087400162608564, -0.0009369002655148506, -0.8380120992660522, 1731687169885265564, 
0.4883993864059448, 0.10471343994140625, 0.05986143199274334, 0.1461001740937944, 0.4113614101436681, 0.35516256627662, -0.12260783912619015, -0.7136779107885965, 0.043150395154953, -0.8402444124221802, 1731687169977581491, 
-0.1875634789466858, -0.47988396883010864, -0.012782054804897858, 0.10622741681127373, 0.3535178118046162, 0.30048674568619466, -0.09385691025632104, -0.7171073399009215, 0.08349931240081787, -0.8410465717315674, 1731687170075043539, 
0.8619263172149658, -0.18736141920089722, 0.21985310928942556, 0.1032697149084843, 0.36717082599275197, 0.28125795296852607, -0.06306741529329506, -0.718712815977192, 0.10327029973268509, -0.840915322303772, 1731687170174659757, 
-0.0373760461807251, 0.08646559715270996, 0.1511117674632893, 0.11157753163639413, 0.3816470098139006, 0.2923579348644753, -0.02590939058714322, -0.7206745850389811, 0.15901032090187073, -0.8386580944061279, 1731687170296526150, 
-0.47866350412368774, 0.4183444380760193, -0.014136780349487121, 0.1343359985913704, 0.4056572816386694, 0.3311563841494835, 0.01995414270504199, -0.7219414209860899, 0.20246532559394836, -0.8353449106216431, 1731687170394826249, 
-0.5731325745582581, -0.48099952936172485, -0.16939169598074325, 0.09088479462385873, 0.3371194368454623, 0.26959227113778345, 0.05040869321512359, -0.7226516741999833, 0.2422642707824707, -0.8308805823326111, 1731687170484244648, 
0.10805600881576538, 0.1544463038444519, -0.0925009460297782, 0.09973150688552644, 0.3524104688106042, 0.28299813913622723, 0.0890953280176687, -0.7211051775467472, 0.26187917590141296, -0.8282657265663147, 1731687170604122559, 
0.13390576839447021, 0.09414684772491455, -0.030683305390560918, 0.10625306748205021, 0.36108879764153395, 0.29425744630142614, 0.12627159613378028, -0.7183656515712552, 0.31726184487342834, -0.8187917470932007, 1731687170694053021, 
0.8527946472167969, 0.5144031047821045, 0.21032377866571597, 0.14172130323138576, 0.4262406739839672, 0.33249127049924976, 0.1696944540610256, -0.7130653429445188, 0.36019131541252136, -0.8099068999290466, 1731687170783969921, 
0.2758027911186218, 0.0977097749710083, 0.22586584491412154, 0.1399964475851358, 0.4315436471368304, 0.32440854711678063, 0.20750906130059968, -0.7076866353607489, 0.37941649556159973, -0.805317759513855, 1731687170906142919, 
-0.44652682542800903, -0.05819439888000488, 0.042709870219056895, 0.12509890914993066, 0.40438351514294374, 0.3093570941083244, 0.24480435763921224, -0.701975769390583, 0.4158456027507782, -0.7957274913787842, 1731687170994059105, 
-0.4516889452934265, -0.08938807249069214, -0.09132745891883678, 0.10977216302401721, 0.37807474624716425, 0.29034513443078336, 0.28228418265169586, -0.6953344842436869, 0.454222708940506, -0.7843742370605469, 1731687171084119012, 
-0.09714561700820923, 0.47895944118499756, -0.08901915489348536, 0.13451500986271664, 0.40254611536815277, 0.33416049671649306, 0.3266026229731858, -0.6848646178111911, 0.5145725011825562, -0.7635398507118225, 1731687171204018275, 
0.3695991039276123, -0.1730394959449768, 0.030784144392943164, 0.11490638945813518, 0.38234592430873915, 0.3005299184655355, 0.35881472887060184, -0.6760843270163845, 0.5481685996055603, -0.750322699546814, 1731687171293263735, 
0.06721216440200806, 0.20319396257400513, 0.041556422357061334, 0.12307864147282682, 0.3955376969556007, 0.3111679175465353, 0.39735409064544114, -0.6645898837292168, 0.5664592385292053, -0.7427634000778198, 1731687171413124717, 
0.21470236778259277, -0.47912710905075073, 0.0825379585693463, 0.0951475380751838, 0.3578439547133267, 0.2658911428346126, 0.4240893643302177, -0.6557744387169985, 0.6198787689208984, -0.718205451965332, 1731687171502966677, 
0.14755970239639282, 0.23386019468307495, 0.10209045805836073, 0.11525226413792447, 0.38675063134891424, 0.298001489321287, 0.46141428330233075, -0.6420070787580099, 0.6588529348373413, -0.6983810067176819, 1731687171594478216, 
-0.10235077142715454, -0.16281479597091675, 0.04516633657597894, 0.10246084061589315, 0.37106366533510715, 0.27612738779842777, 0.493772197839144, -0.6297360198173563, 0.691369891166687, -0.680394172668457, 1731687171712647713, 
-0.4801907539367676, -0.06928807497024536, -0.09586917018187241, 0.09500416978326888, 0.35536002446445125, 0.2673462495576024, 0.5285674536332108, -0.6158646413891815, 0.7084347009658813, -0.6704577803611755, 1731687171802936160, 
-0.691021203994751, 0.4800330400466919, -0.2512120257247007, 0.11310304220805391, 0.36170080387563025, 0.3126977905389009, 0.5694742830930707, -0.5975505433951053, 0.740750253200531, -0.6506602168083191, 1731687171891444925, 
0.20208591222763062, -0.12958931922912598, -0.13052352150381044, 0.10296588469059949, 0.3454657214552276, 0.2980494975214028, 0.5998565727054939, -0.582201857570047, 0.7938675880432129, -0.614891767501831, 1731687171982273351, 
-0.4674321413040161, 0.6467457413673401, -0.21420882291094873, 0.1359440083711982, 0.3792364462985544, 0.35846767814129366, 0.6429117631220281, -0.5593095163161316, 0.8245764374732971, -0.5921369194984436, 1731687172102186629, 
0.8278095126152039, -0.11948078870773315, 0.06314559815066378, 0.12625068452053995, 0.37727309553703847, 0.3346400419590625, 0.6705872142603992, -0.5419735475227038, 0.8415365219116211, -0.5787886381149292, 1731687172192170938, 
0.10596388578414917, 0.12452894449234009, 0.0751525697882226, 0.13037114623450743, 0.3898915658177431, 0.334377959577228, 0.7034765172207783, -0.5212754117300642, 0.8844936490058899, -0.5429298877716064, 1731687172315093588, 
-0.7025906443595886, 0.6760210990905762, -0.12777685652182638, 0.16170835640263545, 0.41885981394922733, 0.3860679659811842, 0.7462417716211005, -0.4928971887328134, 0.9172017574310303, -0.5133559703826904, 1731687172401722857, 
0.02324289083480835, 0.26391738653182983, -0.08610160481406323, 0.1586352176862741, 0.42246075138628036, 0.3755028536159202, 0.7821474971023269, -0.4665190541482649, 0.9316214919090271, -0.4994882643222809, 1731687172491737688, 
-0.3388535976409912, 0.20021653175354004, -0.15362766780292486, 0.152170557346756, 0.4070424795270301, 0.37384441428219767, 0.8159493301156591, -0.4397784585335524, 0.9597464203834534, -0.47100481390953064, 1731687172581564069, 
0.21516311168670654, 0.24078446626663208, -0.05420303098577263, 0.15463518749415062, 0.40964992349337337, 0.3774813044647183, 0.8469419528909355, -0.4123218455421852, 0.9844074249267578, -0.4445144832134247, 1731687172671346085, 
1.2219597101211548, -0.35635989904403687, 0.2816360871270472, 0.12634438595715178, 0.3948054542549589, 0.32001681991850256, 0.8658668780207909, -0.39289845231336323, 1.0259275436401367, -0.3956822156906128, 1731687172794529581, 
-0.5892398953437805, -0.3013432025909424, 0.044257240732968106, 0.10111882603052642, 0.3581725140455894, 0.282318776749172, 0.8901804739659704, -0.3707265226720863, 1.0382779836654663, -0.3800095319747925, 1731687172891289465, 
0.7051793336868286, 0.37463074922561646, 0.22416329395216286, 0.13000916501231496, 0.4094765392226085, 0.31750088847370217, 0.9172940711105942, -0.34104075903608505, 1.0622763633728027, -0.34787535667419434, 1731687172981085074, 
0.06722766160964966, 0.10748940706253052, 0.1812894860772439, 0.13179333890810416, 0.4191653333640374, 0.31441850844483854, 0.9437416181176399, -0.3118065406730558, 1.0944267511367798, -0.3011782169342041, 1731687173100822737, 
0.30250996351242065, 0.3405498266220093, 0.2143729794164978, 0.15090008934384863, 0.4462381649495547, 0.33816042910831534, 0.970694403916749, -0.2788578419959271, 1.1053134202957153, -0.2840392291545868, 1731687173192730074, 
-0.07311481237411499, 0.2472725510597229, 0.1363679832649807, 0.15607012450739208, 0.44873831860502494, 0.34779763179699275, 0.9968704658552946, -0.2451799518237925, 1.128096342086792, -0.24630221724510193, 1731687173290726859, 
-0.4047861099243164, 0.3278544545173645, -0.008641678651207463, 0.16168221606448507, 0.44324659313414, 0.36476809651541997, 1.023535953349774, -0.20864746696619438, 1.147508144378662, -0.21153876185417175, 1731687173410392591, 
-0.2207813262939453, -0.19604313373565674, -0.06994115883905663, 0.12763085540015615, 0.3961494726869043, 0.32217853158933485, 1.0438600392226791, -0.17924532366904244, 1.1641945838928223, -0.17946618795394897, 1731687173500308218, 
-0.18335777521133423, 0.40023869276046753, -0.09769215060153073, 0.1455732993333981, 0.4079793887176554, 0.35681532783055125, 1.0674567455124804, -0.1411941158258753, 1.1915205717086792, -0.12076106667518616, 1731687173590253696, 
-0.009000599384307861, 0.4671287536621094, -0.0702830581310496, 0.16634243587553316, 0.43328995574223134, 0.3839055894812664, 1.0913558206407818, -0.09948305072063095, 1.2068802118301392, -0.08348894119262695, 1731687173710223666, 
0.003592252731323242, -0.014693140983581543, -0.05287131409493388, 0.1438988621291462, 0.40827425288458025, 0.35245637243215194, 1.1095280185613259, -0.0652972037338433, 1.2139087915420532, -0.0645463764667511, 1731687173802861279, 
-0.20734935998916626, 0.6329470872879028, -0.08970490594928068, 0.17143761738756563, 0.4374826429277492, 0.3918729580681416, 1.131311179711115, -0.02019194240375031, 1.2321068048477173, -0.01149020902812481, 1731687173889768824, 
0.30553722381591797, -0.16150683164596558, 0.011704575781113669, 0.1408396728588496, 0.40294241281184856, 0.34952804266999266, 1.144644153651465, 0.011497489972417611, 1.2444738149642944, 0.030532101169228554, 1731687173979680177, 
-0.4616197943687439, 0.3361298441886902, -0.11297909649180372, 0.14893459962358513, 0.40661937320508434, 0.36627521814723724, 1.1617486751642407, 0.053360711405951715, 1.2544053792953491, 0.06908170133829117, 1731687174099609375, 
0.8316263556480408, -0.2296525239944458, 0.13636156508435487, 0.1269689285480035, 0.39530017450164556, 0.32119623703195443, 1.1718073610102737, 0.0840119257953311, 1.2590125799179077, 0.08907412737607956, 1731687174189649882, 
0.08362293243408203, -0.19332093000411987, 0.1189885772025736, 0.1117554275058512, 0.37882954719179407, 0.2950018770559932, 1.1821080735808245, 0.11555752268462267, 1.2663953304290771, 0.12471233308315277, 1731687174309373820, 
1.1172057390213013, 0.27858680486679077, 0.38725946195306665, 0.135747319721477, 0.4315748322086391, 0.31453947169897006, 1.1912468487371781, 0.152263107859236, 1.276842474937439, 0.1882070153951645, 1731687174399354456, 
0.034258127212524414, -0.05798560380935669, 0.28935245263602116, 0.1269160628413981, 0.42875379150043824, 0.29601152306374034, 1.20061122757597, 0.1878018465478735, 1.2814936637878418, 0.22832053899765015, 1731687174491097353, 
-0.0507206916809082, 0.2891940474510193, 0.1980740890931709, 0.1450401641757216, 0.4437123695740316, 0.32687879383430674, 1.2094316433176262, 0.2291677069918228, 1.2833610773086548, 0.24843867123126984, 1731687174609368405, 
-0.20600837469100952, -0.14979833364486694, 0.08548163692266564, 0.12564832943441753, 0.41117022719640106, 0.30558712942608046, 1.2162430564645086, 0.26431755924795, 1.2865028381347656, 0.3040103316307068, 1731687174699277427, 
-0.34156304597854614, -0.04445159435272217, -0.030556123937256693, 0.11498800537418163, 0.3908100037888783, 0.29422994360272303, 1.2227570042101872, 0.3021390530494505, 1.287031888961792, 0.3481949269771576, 1731687174789212918, 
0.06937068700790405, 0.5202897787094116, -0.0005355976756280661, 0.14007838049641944, 0.41941652330140156, 0.3339839341421372, 1.2280161937071385, 0.34712077257501106, 1.2863024473190308, 0.38881388306617737, 1731687174908647049, 
0.4691096544265747, 0.054389357566833496, 0.12439375322545379, 0.13784229436918768, 0.42754215453220207, 0.3224063239331539, 1.2312471859292924, 0.38649546783877137, 1.2853631973266602, 0.40826156735420227, 1731687174998333627, 
0.3545789122581482, 0.8916394114494324, 0.1912821178347877, 0.20023629287961195, 0.4926703384047992, 0.40643058303032886, 1.232771915339917, 0.43871637180191075, 1.2828786373138428, 0.4450567066669464, 1731687175088216666, 
0.2213757038116455, 0.4858627915382385, 0.19898374485215248, 0.21638247015672174, 0.5090215181157008, 0.4250949369640163, 1.2324653437972803, 0.48674020632832216, 1.275689959526062, 0.5089645981788635, 1731687175178899122, 
-0.5505078434944153, 0.21375113725662231, -0.005162556281136682, 0.19550231006607682, 0.47373539315273727, 0.4126825077708408, 1.23128617541301, 0.5316845095376168, 1.2693513631820679, 0.5485071539878845, 1731687175290694740, 
0.452606201171875, 0.09829562902450562, 0.11442894834513773, 0.18131271510732763, 0.46201891746958146, 0.39243569527489086, 1.227493784039844, 0.5720474585943952, 1.2658287286758423, 0.5678009390830994, 1731687175387848112, 
